{"B": {"B": 8.543678703001224e-07, "E": 0.8532213086181796, "S": 8.543678703001224e-07, "M": 0.1467752739103392}, "E": {"B": 0.48224623565516345, "E": 8.543678703001224e-07, "S": 0.5112981607168489, "M": 8.543678703001224e-07}, "S": {"B": 0.5544087070702066, "E": 9.528837119775577e-07, "S": 0.41647116669175926, "M": 9.528837119775577e-07}, "M": {"B": 3.808740297234093e-06, "E": 0.6543187306230337, "S": 3.808740297234093e-06, "M": 0.3456660344157773}}