{"B": 0.6345649207515482, "E": 2.6241209194919703e-05, "S": 0.36543507924845176, "M": 2.6241209194919703e-05}